variable,timestep,rmse,acc
t2m,1,0.98,0.76
t2m,2,1.11,0.74
t2m,3,1.30,0.71
t2m,4,1.50,0.67
t2m,5,1.75,0.63
t2m,6,1.95,0.58
t2m,7,2.20,0.53
t2m,8,2.30,0.48
t2m,9,2.52,0.38
t2m,10,2.95,0.33
msl,1,85,0.73
msl,2,120,0.72
msl,3,200,0.69
msl,4,275,0.65
msl,5,345,0.60
msl,6,380,0.54
msl,7,410,0.47
msl,8,430,0.40
msl,9,470,0.33
msl,10,600,0.27
t850,1,0.72,0.71
t850,2,0.85,0.70
t850,3,1.05,0.67
t850,4,1.30,0.64
t850,5,1.70,0.60
t850,6,2.05,0.55
t850,7,2.30,0.49
t850,8,2.55,0.43
t850,9,2.75,0.37
t850,10,3.10,0.30
q700,1,0.00045,0.65
q700,2,0.00056,0.63
q700,3,0.00068,0.60
q700,4,0.00075,0.57
q700,5,0.00083,0.54
q700,6,0.00099,0.51
q700,7,0.00110,0.47
q700,8,0.00120,0.43
q700,9,0.00130,0.38
q700,10,0.00136,0.32
z500,1,75,0.78
z500,2,110,0.77
z500,3,175,0.75
z500,4,265,0.72
z500,5,335,0.68
z500,6,380,0.62
z500,7,540,0.55
z500,8,590,0.47
z500,9,610,0.40
z500,10,640,0.34
u850,1,1.10,1.00
u850,2,1.55,0.98
u850,3,2.05,0.95
u850,4,2.40,0.88
u850,5,2.70,0.79
u850,6,3.10,0.70
u850,7,3.40,0.60
u850,8,3.60,0.50
u850,9,4.00,0.42
u850,10,4.75,0.34